hd_dep_count,morning_sales,evening_sales,sales_ratio
1,2066,2157,0.9578117756142791
7,2034,2160,0.9416666666666667
0,2099,2235,0.9391498881431767
4,2062,2215,0.9309255079006772
6,1973,2190,0.9009132420091325
9,2051,2308,0.8886481802426344
3,1917,2250,0.852
8,1908,2241,0.8514056224899599
5,1950,2359,0.8266214497668504
2,1855,2288,0.8107517482517482
