Bucket,AvgValue
Bucket1,397.5134436186785
Bucket5,3428.013508912607
Bucket4,2671.1603795019896
Bucket3,1912.5636411276225
Bucket2,1154.6441979342471
